_id,time,area,name_node,ax,ay,az,gx,gy,gz,temp
69592c25cef1c28f9ae46d3f,2026-01-03T14:48:05.357Z,1,N02,-0.095,-0.092,-0.807,0,0.04,-0.01,
69592c26cef1c28f9ae46d41,2026-01-03T14:48:06.419Z,1,N01,-0.091,-0.093,-0.815,0,0.04,-0.01,
69592c27cef1c28f9ae46d43,2026-01-03T14:48:07.497Z,1,N02,-0.093,-0.094,-0.806,0,0.04,-0.02,
69592c28cef1c28f9ae46d45,2026-01-03T14:48:08.428Z,1,N02,-0.091,-0.092,-0.808,-0.01,0.04,-0.01,
69592c29cef1c28f9ae46d47,2026-01-03T14:48:09.452Z,1,N03,-0.089,-0.094,-0.803,0,0.04,-0.01,
69592c2acef1c28f9ae46d49,2026-01-03T14:48:10.375Z,1,N02,-0.09,-0.093,-0.811,0,0.04,-0.01,
69592c2bcef1c28f9ae46d4b,2026-01-03T14:48:11.398Z,1,N01,-0.087,-0.094,-0.811,0,0.04,-0.01,
69592c2ccef1c28f9ae46d4d,2026-01-03T14:48:12.424Z,1,N02,-0.09,-0.088,-0.805,0,0.04,-0.02,
69592c2dcef1c28f9ae46d4f,2026-01-03T14:48:13.448Z,1,N01,-0.092,-0.092,-0.808,-0.01,0.04,-0.01,
69592c2ecef1c28f9ae46d51,2026-01-03T14:48:14.370Z,1,N03,-0.091,-0.094,-0.808,-0.01,0.04,-0.01,
69592c2fcef1c28f9ae46d53,2026-01-03T14:48:15.392Z,1,N02,-0.088,-0.094,-0.803,0,0.04,-0.01,
69592c30cef1c28f9ae46d55,2026-01-03T14:48:16.512Z,1,N01,-0.091,-0.095,-0.81,0,0.04,-0.01,
69592c31cef1c28f9ae46d57,2026-01-03T14:48:17.336Z,1,N02,-0.089,-0.094,-0.809,0,0.04,-0.01,
69592c32cef1c28f9ae46d59,2026-01-03T14:48:18.549Z,1,N03,-0.089,-0.094,-0.803,-0.01,0.04,-0.01,
69592c33cef1c28f9ae46d5b,2026-01-03T14:48:19.383Z,1,N03,-0.093,-0.09,-0.804,0,0.04,-0.01,
69592c34cef1c28f9ae46d5d,2026-01-03T14:48:20.407Z,1,N02,-0.09,-0.093,-0.809,-0.01,0.04,-0.01,
69592c35cef1c28f9ae46d5f,2026-01-03T14:48:21.435Z,1,N03,-0.089,-0.093,-0.807,0,0.04,-0.01,
69592c36cef1c28f9ae46d61,2026-01-03T14:48:22.637Z,1,N01,-0.092,-0.094,-0.813,0,0.04,-0.02,
69592c37cef1c28f9ae46d63,2026-01-03T14:48:23.490Z,1,N02,-0.092,-0.093,-0.81,0,0.04,-0.01,
69592c38cef1c28f9ae46d65,2026-01-03T14:48:24.493Z,1,N01,-0.091,-0.094,-0.812,0,0.04,-0.01,
69592c39cef1c28f9ae46d67,2026-01-03T14:48:25.544Z,1,N01,-0.088,-0.093,-0.805,0,0.04,-0.01,
69592c3acef1c28f9ae46d69,2026-01-03T14:48:26.542Z,1,N03,-0.089,-0.094,-0.803,0,0.04,-0.01,
69592c3bcef1c28f9ae46d6b,2026-01-03T14:48:27.371Z,1,N01,-0.091,-0.091,-0.807,0,0.05,-0.01,
69592c3ccef1c28f9ae46d6d,2026-01-03T14:48:28.395Z,1,N02,-0.091,-0.093,-0.81,0,0.04,-0.01,
69592c3dcef1c28f9ae46d6f,2026-01-03T14:48:29.420Z,1,N03,-0.089,-0.093,-0.811,0,0.04,-0.01,
69592c3fcef1c28f9ae46d71,2026-01-03T14:48:31.377Z,1,N03,-0.094,-0.093,-0.802,-0.01,0.04,-0.01,
69592c40cef1c28f9ae46d73,2026-01-03T14:48:32.393Z,1,N03,-0.091,-0.093,-0.803,0,0.05,-0.01,
69592c41cef1c28f9ae46d75,2026-01-03T14:48:33.412Z,1,N02,-0.087,-0.095,-0.804,0,0.05,-0.01,
69592c42cef1c28f9ae46d77,2026-01-03T14:48:34.438Z,1,N01,-0.09,-0.092,-0.801,-0.01,0.04,-0.01,
69592c43cef1c28f9ae46d79,2026-01-03T14:48:35.358Z,1,N01,-0.094,-0.092,-0.804,-0.01,0.04,-0.02,
69592c44cef1c28f9ae46d7b,2026-01-03T14:48:36.384Z,1,N01,0.357,-0.061,-0.75,0.09,0.87,-0.14,
69592c45cef1c28f9ae46d7d,2026-01-03T14:48:37.407Z,1,N03,0.969,-0.025,-0.103,0.05,0.26,0,
69592c46cef1c28f9ae46d7f,2026-01-03T14:48:38.432Z,1,N03,0.95,-0.049,-0.174,-0.01,-0.2,0.04,
69592c47cef1c28f9ae46d81,2026-01-03T14:48:39.357Z,1,N01,0.649,-0.075,-0.559,0,-0.45,-0.01,
69592c48cef1c28f9ae46d83,2026-01-03T14:48:40.468Z,1,N03,0.367,-0.055,-0.867,-0.08,-0.13,-0.02,
69592c49cef1c28f9ae46d85,2026-01-03T14:48:41.400Z,1,N01,0.192,-0.021,-0.823,-0.04,-0.41,0.17,
69592c4acef1c28f9ae46d87,2026-01-03T14:48:42.428Z,1,N03,-0.43,-0.035,-0.731,-0.11,-0.36,-0.16,
69592c4bcef1c28f9ae46d89,2026-01-03T14:48:43.448Z,1,N01,-0.802,0.016,-0.412,0.04,-0.21,0.03,
69592c4ccef1c28f9ae46d8b,2026-01-03T14:48:44.370Z,1,N01,-0.918,0.047,-0.148,0.03,-0.31,0.02,
69592c4dcef1c28f9ae46d8d,2026-01-03T14:48:45.397Z,1,N01,-0.96,0.043,-0.032,0,0.04,-0.02,
69592c4ecef1c28f9ae46d8f,2026-01-03T14:48:46.419Z,1,N01,-0.874,0.022,-0.199,0.12,0.67,0.03,
69592c4fcef1c28f9ae46d91,2026-01-03T14:48:47.237Z,1,N01,-0.535,-0.021,-0.653,-0.03,0.63,-0.05,
69592c50cef1c28f9ae46d93,2026-01-03T14:48:48.366Z,1,N02,-0.125,-0.029,-0.811,0.03,0.36,-0.01,
69592c51cef1c28f9ae46d95,2026-01-03T14:48:49.390Z,1,N03,0.299,-0.126,-0.755,0.05,0.37,-0.02,
69592c52cef1c28f9ae46d97,2026-01-03T14:48:50.412Z,1,N02,0.648,-0.157,-0.569,0,0.12,0.01,
69592c53cef1c28f9ae46d99,2026-01-03T14:48:51.435Z,1,N01,0.635,-0.132,-0.599,-0.12,-0.88,-0.09,
69592c54cef1c28f9ae46d9b,2026-01-03T14:48:52.361Z,1,N02,0.166,-0.037,-0.766,-0.06,-0.62,0.07,
69592c55cef1c28f9ae46d9d,2026-01-03T14:48:53.380Z,1,N03,-0.476,-0.028,-0.694,-0.02,-0.71,0.04,
69592c56cef1c28f9ae46d9f,2026-01-03T14:48:54.407Z,1,N01,-0.673,-0.008,-0.534,0.05,1,-0.01,
69592c57cef1c28f9ae46da1,2026-01-03T14:48:55.430Z,1,N01,-0.024,-0.053,-0.762,0.21,0.02,-0.15,
69592c58cef1c28f9ae46da3,2026-01-03T14:48:56.354Z,1,N02,-0.103,-0.083,-0.81,0,0.04,-0.01,
69592c59cef1c28f9ae46da5,2026-01-03T14:48:57.387Z,1,N02,-0.102,-0.085,-0.812,0,0.04,-0.01,
69592c5acef1c28f9ae46da7,2026-01-03T14:48:58.424Z,1,N01,-0.092,-0.083,-0.808,0,0.04,-0.01,
69592c5bcef1c28f9ae46da9,2026-01-03T14:48:59.429Z,1,N01,-0.099,-0.083,-0.807,0,0.04,-0.01,
69592c5ccef1c28f9ae46dab,2026-01-03T14:49:00.448Z,1,N03,-0.099,-0.084,-0.811,0,0.04,-0.01,
69592c5dcef1c28f9ae46dad,2026-01-03T14:49:01.369Z,1,N01,-0.097,-0.088,-0.806,-0.01,0.04,-0.01,
69592c5ecef1c28f9ae46daf,2026-01-03T14:49:02.395Z,1,N03,-0.1,-0.084,-0.807,0,0.04,-0.01,
69592c5fcef1c28f9ae46db1,2026-01-03T14:49:03.425Z,1,N03,-0.094,-0.086,-0.803,-0.01,0.04,-0.01,
69592c60cef1c28f9ae46db3,2026-01-03T14:49:04.441Z,1,N03,-0.098,-0.081,-0.812,-0.01,0.04,-0.01,
69592c61cef1c28f9ae46db5,2026-01-03T14:49:05.362Z,1,N03,-0.099,-0.084,-0.812,0,0.04,-0.01,
69592c62cef1c28f9ae46db7,2026-01-03T14:49:06.388Z,1,N02,-0.099,-0.087,-0.807,-0.01,0.04,-0.01,
69592c63cef1c28f9ae46db9,2026-01-03T14:49:07.412Z,1,N03,-0.099,-0.087,-0.804,-0.01,0.04,-0.01,
69592c64cef1c28f9ae46dbb,2026-01-03T14:49:08.435Z,1,N03,-0.093,-0.088,-0.807,0,0.04,-0.01,
69592c65cef1c28f9ae46dbd,2026-01-03T14:49:09.355Z,1,N03,-0.095,-0.083,-0.808,0,0.04,-0.01,
69592c66cef1c28f9ae46dbf,2026-01-03T14:49:10.809Z,1,N02,-0.099,-0.089,-0.81,0,0.04,-0.01,
69592c67cef1c28f9ae46dc1,2026-01-03T14:49:11.599Z,1,N01,-0.098,-0.086,-0.809,0,0.04,-0.01,
69592c68cef1c28f9ae46dc3,2026-01-03T14:49:12.432Z,1,N01,-0.097,-0.085,-0.803,0,0.04,-0.01,
69592c69cef1c28f9ae46dc5,2026-01-03T14:49:13.551Z,1,N02,-0.095,-0.089,-0.809,-0.01,0.04,-0.01,
69592c6acef1c28f9ae46dc7,2026-01-03T14:49:14.560Z,1,N03,-0.099,-0.088,-0.807,0,0.04,-0.01,
69592c6bcef1c28f9ae46dc9,2026-01-03T14:49:15.397Z,1,N03,-0.094,-0.084,-0.8,0,0.04,-0.01,
69592c6ccef1c28f9ae46dcb,2026-01-03T14:49:16.594Z,1,N01,-0.098,-0.087,-0.803,0,0.04,-0.01,
69592c6dcef1c28f9ae46dcd,2026-01-03T14:49:17.448Z,1,N01,-0.096,-0.088,-0.806,0,0.04,-0.01,
69592c6fcef1c28f9ae46dcf,2026-01-03T14:49:19.052Z,1,N02,-0.096,-0.09,-0.812,0,0.05,-0.01,
69592c6fcef1c28f9ae46dd1,2026-01-03T14:49:19.508Z,1,N03,-0.096,-0.088,-0.805,-0.01,0.03,-0.01,
69592c70cef1c28f9ae46dd3,2026-01-03T14:49:20.530Z,1,N02,-0.094,-0.083,-0.809,0,0.04,-0.01,
69592c71cef1c28f9ae46dd5,2026-01-03T14:49:21.509Z,1,N02,-0.095,-0.088,-0.806,0,0.04,-0.01,
69592c72cef1c28f9ae46dd7,2026-01-03T14:49:22.360Z,1,N01,-0.098,-0.085,-0.806,-0.01,0.04,-0.01,
69592c73cef1c28f9ae46dd9,2026-01-03T14:49:23.386Z,1,N01,-0.092,-0.088,-0.805,-0.01,0.04,-0.02,
69592c74cef1c28f9ae46ddb,2026-01-03T14:49:24.416Z,1,N02,-0.099,-0.085,-0.808,0,0.04,-0.01,
69592c75cef1c28f9ae46ddd,2026-01-03T14:49:25.432Z,1,N03,-0.098,-0.085,-0.811,0,0.04,-0.01,
69592c76cef1c28f9ae46ddf,2026-01-03T14:49:26.360Z,1,N01,-0.096,-0.084,-0.81,0,0.04,-0.01,
69592c77cef1c28f9ae46de1,2026-01-03T14:49:27.384Z,1,N01,-0.099,-0.085,-0.804,0,0.04,-0.01,
69592c78cef1c28f9ae46de3,2026-01-03T14:49:28.402Z,1,N01,-0.097,-0.088,-0.803,-0.01,0.04,-0.01,
69592c79cef1c28f9ae46de5,2026-01-03T14:49:29.452Z,1,N03,-0.096,-0.085,-0.805,-0.01,0.04,-0.01,
69592c7acef1c28f9ae46de7,2026-01-03T14:49:30.451Z,1,N03,-0.1,-0.087,-0.805,0,0.04,-0.01,
69592c7bcef1c28f9ae46de9,2026-01-03T14:49:31.377Z,1,N02,-0.098,-0.081,-0.801,-0.01,0.04,-0.01,
69592c7ccef1c28f9ae46deb,2026-01-03T14:49:32.396Z,1,N03,-0.098,-0.086,-0.802,0,0.04,-0.01,
69592c7dcef1c28f9ae46ded,2026-01-03T14:49:33.421Z,1,N02,-0.097,-0.082,-0.814,0,0.04,-0.02,
69592c7ecef1c28f9ae46def,2026-01-03T14:49:34.446Z,1,N01,-0.099,-0.084,-0.806,0,0.04,-0.01,
69592c7fcef1c28f9ae46df1,2026-01-03T14:49:35.369Z,1,N01,-0.095,-0.087,-0.805,0,0.04,-0.01,
69592c80cef1c28f9ae46df3,2026-01-03T14:49:36.390Z,1,N01,-0.097,-0.088,-0.806,0,0.04,-0.01,
69592c81cef1c28f9ae46df5,2026-01-03T14:49:37.608Z,1,N02,-0.098,-0.085,-0.809,0,0.04,-0.01,
69592c82cef1c28f9ae46df7,2026-01-03T14:49:38.439Z,1,N03,-0.094,-0.083,-0.8,0,0.04,-0.01,
69592c83cef1c28f9ae46df9,2026-01-03T14:49:39.360Z,1,N01,-0.094,-0.085,-0.806,-0.01,0.04,-0.01,
69592c84cef1c28f9ae46dfb,2026-01-03T14:49:40.385Z,1,N02,-0.098,-0.084,-0.809,0,0.04,-0.01,
69592c85cef1c28f9ae46dfd,2026-01-03T14:49:41.409Z,1,N03,-0.095,-0.086,-0.802,0,0.04,-0.01,
69592c86cef1c28f9ae46dff,2026-01-03T14:49:42.435Z,1,N02,-0.094,-0.089,-0.811,0,0.04,-0.02,
69592c87cef1c28f9ae46e01,2026-01-03T14:49:43.353Z,1,N03,-0.096,-0.087,-0.815,0,0.04,-0.01,
69592c88cef1c28f9ae46e03,2026-01-03T14:49:44.378Z,1,N03,-0.098,-0.086,-0.809,0,0.04,-0.01,
69592c89cef1c28f9ae46e05,2026-01-03T14:49:45.402Z,1,N03,-0.096,-0.082,-0.802,0,0.04,-0.01,
69592c8acef1c28f9ae46e07,2026-01-03T14:49:46.427Z,1,N01,-0.096,-0.085,-0.806,0,0.04,-0.01,
69592c8bcef1c28f9ae46e09,2026-01-03T14:49:47.449Z,1,N01,-0.096,-0.086,-0.814,-0.01,0.04,-0.01,
69592c8ccef1c28f9ae46e0b,2026-01-03T14:49:48.371Z,1,N01,-0.095,-0.088,-0.812,0,0.05,-0.01,
69592c8dcef1c28f9ae46e0d,2026-01-03T14:49:49.405Z,1,N01,-0.097,-0.084,-0.805,0,0.04,-0.01,
69592c8ecef1c28f9ae46e0f,2026-01-03T14:49:50.420Z,1,N02,-0.097,-0.085,-0.809,0,0.04,-0.01,
69592c8fcef1c28f9ae46e11,2026-01-03T14:49:51.444Z,1,N01,-0.097,-0.084,-0.802,0,0.04,-0.02,
69592c90cef1c28f9ae46e13,2026-01-03T14:49:52.370Z,1,N03,-0.099,-0.084,-0.809,-0.01,0.05,-0.01,
69592c91cef1c28f9ae46e15,2026-01-03T14:49:53.391Z,1,N02,-0.096,-0.084,-0.805,0,0.04,-0.01,
69592c92cef1c28f9ae46e17,2026-01-03T14:49:54.414Z,1,N01,-0.098,-0.087,-0.806,0,0.04,-0.01,
69592c93cef1c28f9ae46e19,2026-01-03T14:49:55.437Z,1,N01,-0.097,-0.085,-0.809,0,0.03,-0.01,
69592c94cef1c28f9ae46e1b,2026-01-03T14:49:56.365Z,1,N01,-0.099,-0.085,-0.809,0,0.04,-0.01,
69592c95cef1c28f9ae46e1d,2026-01-03T14:49:57.594Z,1,N03,-0.099,-0.084,-0.812,0,0.04,-0.01,
69592c96cef1c28f9ae46e1f,2026-01-03T14:49:58.408Z,1,N03,-0.094,-0.086,-0.812,0,0.04,-0.01,
69592c97cef1c28f9ae46e21,2026-01-03T14:49:59.431Z,1,N01,-0.097,-0.085,-0.799,0,0.04,-0.01,
69592c98cef1c28f9ae46e23,2026-01-03T14:50:00.351Z,1,N01,-0.1,-0.083,-0.807,-0.01,0.04,-0.01,
69592c99cef1c28f9ae46e25,2026-01-03T14:50:01.377Z,1,N02,-0.093,-0.083,-0.804,0,0.04,-0.01,
69592c9acef1c28f9ae46e27,2026-01-03T14:50:02.401Z,1,N01,-0.094,-0.085,-0.801,0,0.04,-0.01,
69592c9bcef1c28f9ae46e29,2026-01-03T14:50:03.425Z,1,N02,-0.097,-0.084,-0.805,0,0.04,-0.01,
69592c9ccef1c28f9ae46e2b,2026-01-03T14:50:04.452Z,1,N02,-0.097,-0.083,-0.807,0,0.04,-0.01,
69592c9dcef1c28f9ae46e2d,2026-01-03T14:50:05.370Z,1,N01,-0.096,-0.083,-0.803,-0.01,0.04,-0.01,
69592c9ecef1c28f9ae46e2f,2026-01-03T14:50:06.486Z,1,N02,-0.099,-0.085,-0.81,-0.01,0.04,-0.01,
69592c9fcef1c28f9ae46e31,2026-01-03T14:50:07.422Z,1,N03,-0.097,-0.086,-0.805,0,0.04,-0.01,
69592ca0cef1c28f9ae46e33,2026-01-03T14:50:08.451Z,1,N01,-0.097,-0.085,-0.811,0,0.04,-0.01,
69592ca1cef1c28f9ae46e35,2026-01-03T14:50:09.363Z,1,N02,-0.098,-0.088,-0.807,-0.01,0.04,-0.01,
69592ca2cef1c28f9ae46e37,2026-01-03T14:50:10.390Z,1,N02,-0.101,-0.087,-0.812,0,0.04,-0.02,
69592ca3cef1c28f9ae46e39,2026-01-03T14:50:11.411Z,1,N03,-0.1,-0.085,-0.802,0,0.04,-0.01,
69592ca4cef1c28f9ae46e3b,2026-01-03T14:50:12.232Z,1,N02,-0.096,-0.083,-0.808,-0.01,0.04,-0.01,
69592ca5cef1c28f9ae46e3d,2026-01-03T14:50:13.357Z,1,N01,-0.1,-0.087,-0.81,0,0.04,-0.01,
69592ca6cef1c28f9ae46e3f,2026-01-03T14:50:14.281Z,1,N02,-0.095,-0.084,-0.812,0,0.04,-0.01,
69592ca7cef1c28f9ae46e41,2026-01-03T14:50:15.405Z,1,N01,-0.096,-0.086,-0.808,-0.01,0.04,-0.01,
69592ca8cef1c28f9ae46e43,2026-01-03T14:50:16.430Z,1,N02,-0.097,-0.087,-0.811,-0.01,0.04,-0.01,
69592ca9cef1c28f9ae46e45,2026-01-03T14:50:17.442Z,1,N03,-0.097,-0.085,-0.814,0,0.04,-0.02,
69592caacef1c28f9ae46e47,2026-01-03T14:50:18.375Z,1,N03,-0.097,-0.082,-0.808,-0.01,0.04,-0.01,
69592cabcef1c28f9ae46e49,2026-01-03T14:50:19.398Z,1,N01,-0.098,-0.082,-0.809,-0.01,0.04,-0.01,
69592caccef1c28f9ae46e4b,2026-01-03T14:50:20.424Z,1,N03,-0.096,-0.084,-0.807,0,0.04,-0.01,
69592cadcef1c28f9ae46e4d,2026-01-03T14:50:21.447Z,1,N01,-0.096,-0.086,-0.81,0,0.04,-0.01,
69592caecef1c28f9ae46e4f,2026-01-03T14:50:22.368Z,1,N03,-0.097,-0.088,-0.807,0,0.04,-0.01,
69592cafcef1c28f9ae46e51,2026-01-03T14:50:23.393Z,1,N03,-0.099,-0.084,-0.807,0,0.04,-0.01,
69592cb0cef1c28f9ae46e53,2026-01-03T14:50:24.417Z,1,N02,-0.099,-0.085,-0.807,0,0.04,-0.01,
69592cb1cef1c28f9ae46e55,2026-01-03T14:50:25.440Z,1,N01,-0.094,-0.089,-0.807,0,0.04,-0.02,
69592cb2cef1c28f9ae46e57,2026-01-03T14:50:26.366Z,1,N02,-0.099,-0.085,-0.806,-0.01,0.04,-0.02,
69592cb3cef1c28f9ae46e59,2026-01-03T14:50:27.385Z,1,N02,-0.096,-0.091,-0.806,0,0.04,-0.01,
69592cb4cef1c28f9ae46e5b,2026-01-03T14:50:28.410Z,1,N01,-0.099,-0.086,-0.806,0,0.04,-0.01,
69592cb5cef1c28f9ae46e5d,2026-01-03T14:50:29.433Z,1,N03,-0.1,-0.086,-0.808,0,0.05,-0.01,
69592cb6cef1c28f9ae46e5f,2026-01-03T14:50:30.358Z,1,N01,-0.094,-0.087,-0.806,0,0.04,-0.01,
69592cb7cef1c28f9ae46e61,2026-01-03T14:50:31.379Z,1,N03,-0.102,-0.088,-0.814,-0.01,0.04,-0.01,
69592cb8cef1c28f9ae46e63,2026-01-03T14:50:32.405Z,1,N02,-0.097,-0.083,-0.812,0,0.04,-0.01,
69592cb9cef1c28f9ae46e65,2026-01-03T14:50:33.428Z,1,N01,-0.102,-0.083,-0.806,-0.01,0.04,-0.01,
69592cbacef1c28f9ae46e67,2026-01-03T14:50:34.349Z,1,N02,-0.1,-0.087,-0.808,-0.01,0.04,-0.01,
69592cbbcef1c28f9ae46e69,2026-01-03T14:50:35.375Z,1,N02,-0.098,-0.084,-0.805,0,0.04,-0.02,
69592cbccef1c28f9ae46e6b,2026-01-03T14:50:36.399Z,1,N02,-0.095,-0.088,-0.808,0,0.04,-0.01,
69592cbdcef1c28f9ae46e6d,2026-01-03T14:50:37.423Z,1,N02,-0.095,-0.086,-0.811,-0.01,0.04,-0.01,
69592cbecef1c28f9ae46e6f,2026-01-03T14:50:38.447Z,1,N02,-0.098,-0.085,-0.804,0,0.04,-0.01,
69592cbfcef1c28f9ae46e71,2026-01-03T14:50:39.367Z,1,N03,-0.098,-0.086,-0.808,0,0.04,-0.01,
69592cc0cef1c28f9ae46e73,2026-01-03T14:50:40.395Z,1,N03,-0.097,-0.088,-0.808,0,0.04,-0.01,
69592cc1cef1c28f9ae46e75,2026-01-03T14:50:41.415Z,1,N03,-0.099,-0.085,-0.812,0,0.04,-0.01,
69592cc2cef1c28f9ae46e77,2026-01-03T14:50:42.439Z,1,N01,-0.099,-0.087,-0.805,0,0.04,-0.01,
69592cc3cef1c28f9ae46e79,2026-01-03T14:50:43.389Z,1,N02,-0.099,-0.081,-0.808,0,0.04,-0.01,
69592cc4cef1c28f9ae46e7b,2026-01-03T14:50:44.385Z,1,N02,-0.094,-0.088,-0.808,-0.01,0.04,-0.01,
69592cc5cef1c28f9ae46e7d,2026-01-03T14:50:45.411Z,1,N01,-0.097,-0.087,-0.813,-0.01,0.04,-0.01,
69592cc6cef1c28f9ae46e7f,2026-01-03T14:50:46.465Z,1,N02,-0.097,-0.086,-0.812,0,0.04,-0.01,
69592cc7cef1c28f9ae46e81,2026-01-03T14:50:47.357Z,1,N01,-0.097,-0.088,-0.809,0,0.04,-0.01,
69592cc8cef1c28f9ae46e83,2026-01-03T14:50:48.377Z,1,N03,-0.093,-0.087,-0.804,-0.01,0.04,-0.01,
69592cc9cef1c28f9ae46e85,2026-01-03T14:50:49.401Z,1,N02,-0.1,-0.089,-0.815,-0.01,0.04,-0.01,
69592ccacef1c28f9ae46e87,2026-01-03T14:50:50.824Z,1,N03,-0.098,-0.086,-0.802,0,0.04,-0.01,
69592ccbcef1c28f9ae46e89,2026-01-03T14:50:51.541Z,1,N02,-0.101,-0.088,-0.806,-0.01,0.04,-0.01,
69592ccccef1c28f9ae46e8b,2026-01-03T14:50:52.463Z,1,N03,-0.096,-0.083,-0.812,0,0.04,-0.01,
69592ccdcef1c28f9ae46e8d,2026-01-03T14:50:53.404Z,1,N03,-0.098,-0.084,-0.804,-0.01,0.04,-0.01,
69592ccecef1c28f9ae46e8f,2026-01-03T14:50:54.420Z,1,N02,-0.097,-0.082,-0.81,0,0.04,-0.01,
69592ccfcef1c28f9ae46e91,2026-01-03T14:50:55.446Z,1,N03,-0.096,-0.086,-0.811,0,0.04,-0.01,
69592cd0cef1c28f9ae46e93,2026-01-03T14:50:56.373Z,1,N02,-0.095,-0.086,-0.813,-0.01,0.04,-0.01,
69592cd1cef1c28f9ae46e95,2026-01-03T14:50:57.389Z,1,N02,-0.097,-0.084,-0.811,0,0.04,-0.01,
69592cd3cef1c28f9ae46e97,2026-01-03T14:50:59.040Z,1,N02,-0.098,-0.086,-0.806,-0.01,0.04,-0.01,
69592cd3cef1c28f9ae46e99,2026-01-03T14:50:59.528Z,1,N02,-0.098,-0.09,-0.813,-0.01,0.04,-0.01,
69592cd4cef1c28f9ae46e9b,2026-01-03T14:51:00.374Z,1,N02,-0.097,-0.085,-0.806,0,0.04,-0.01,
69592cd5cef1c28f9ae46e9d,2026-01-03T14:51:01.396Z,1,N02,-0.099,-0.083,-0.812,-0.01,0.04,-0.01,
69592cd6cef1c28f9ae46e9f,2026-01-03T14:51:02.428Z,1,N02,-0.094,-0.085,-0.806,0,0.04,-0.01,
69592cd7cef1c28f9ae46ea1,2026-01-03T14:51:03.430Z,1,N03,-0.096,-0.087,-0.814,0,0.04,-0.01,
69592cd8cef1c28f9ae46ea3,2026-01-03T14:51:04.546Z,1,N03,-0.099,-0.085,-0.807,0,0.04,-0.01,
69592cd9cef1c28f9ae46ea5,2026-01-03T14:51:05.377Z,1,N02,-0.096,-0.083,-0.803,-0.01,0.04,-0.01,
69592cdacef1c28f9ae46ea7,2026-01-03T14:51:06.413Z,1,N02,-0.093,-0.088,-0.807,0,0.04,-0.01,
69592cdbcef1c28f9ae46ea9,2026-01-03T14:51:07.425Z,1,N03,-0.098,-0.084,-0.809,0,0.04,-0.01,
69592cdccef1c28f9ae46eab,2026-01-03T14:51:08.448Z,1,N02,-0.1,-0.083,-0.811,0,0.04,-0.01,
69592cddcef1c28f9ae46ead,2026-01-03T14:51:09.371Z,1,N02,-0.095,-0.082,-0.805,0,0.04,-0.01,
69592cdecef1c28f9ae46eaf,2026-01-03T14:51:10.395Z,1,N01,-0.099,-0.085,-0.809,0,0.04,-0.02,
69592cdfcef1c28f9ae46eb1,2026-01-03T14:51:11.423Z,1,N01,-0.095,-0.086,-0.811,-0.01,0.04,-0.01,
69592ce0cef1c28f9ae46eb3,2026-01-03T14:51:12.444Z,1,N03,-0.096,-0.083,-0.811,-0.01,0.04,-0.01,
69592ce1cef1c28f9ae46eb5,2026-01-03T14:51:13.363Z,1,N01,-0.097,-0.087,-0.808,0,0.04,-0.01,
69592ce2cef1c28f9ae46eb7,2026-01-03T14:51:14.388Z,1,N03,-0.094,-0.086,-0.809,0,0.04,-0.01,
69592ce3cef1c28f9ae46eb9,2026-01-03T14:51:15.412Z,1,N02,-0.095,-0.086,-0.806,0,0.04,-0.01,
69592ce4cef1c28f9ae46ebb,2026-01-03T14:51:16.434Z,1,N03,-0.094,-0.082,-0.806,-0.01,0.04,-0.01,
69592ce6cef1c28f9ae46ebd,2026-01-03T14:51:18.382Z,1,N03,-0.093,-0.09,-0.802,0,0.04,-0.01,
69592ce7cef1c28f9ae46ebf,2026-01-03T14:51:19.438Z,1,N02,-0.094,-0.082,-0.81,-0.01,0.04,-0.01,
69592ce8cef1c28f9ae46ec1,2026-01-03T14:51:20.447Z,1,N03,-0.095,-0.084,-0.808,0,0.04,-0.01,
69592ce9cef1c28f9ae46ec3,2026-01-03T14:51:21.380Z,1,N02,-0.097,-0.086,-0.806,0,0.04,-0.01,
69592ceacef1c28f9ae46ec5,2026-01-03T14:51:22.379Z,1,N01,-0.097,-0.09,-0.808,0,0.04,-0.01,
69592cebcef1c28f9ae46ec7,2026-01-03T14:51:23.401Z,1,N02,-0.1,-0.086,-0.805,0,0.04,-0.01,
69592ceccef1c28f9ae46ec9,2026-01-03T14:51:24.422Z,1,N03,-0.099,-0.079,-0.812,-0.01,0.04,-0.02,
69592cedcef1c28f9ae46ecb,2026-01-03T14:51:25.446Z,1,N03,-0.095,-0.081,-0.806,0,0.04,-0.01,
69592ceecef1c28f9ae46ecd,2026-01-03T14:51:26.370Z,1,N01,-0.092,-0.088,-0.81,0,0.04,-0.01,
69592cefcef1c28f9ae46ecf,2026-01-03T14:51:27.586Z,1,N02,-0.1,-0.086,-0.807,0,0.04,-0.01,
69592cf0cef1c28f9ae46ed1,2026-01-03T14:51:28.444Z,1,N02,-0.092,-0.085,-0.805,0,0.04,-0.01,
69592cf1cef1c28f9ae46ed3,2026-01-03T14:51:29.442Z,1,N03,-0.094,-0.087,-0.808,0,0.05,-0.01,
69592cf2cef1c28f9ae46ed5,2026-01-03T14:51:30.362Z,1,N02,-0.096,-0.086,-0.811,-0.01,0.04,-0.01,
69592cf3cef1c28f9ae46ed7,2026-01-03T14:51:31.390Z,1,N01,-0.098,-0.085,-0.812,-0.01,0.04,-0.01,
69592cf4cef1c28f9ae46ed9,2026-01-03T14:51:32.410Z,1,N01,-0.099,-0.089,-0.811,0,0.04,-0.01,
69592cf5cef1c28f9ae46edb,2026-01-03T14:51:33.434Z,1,N03,-0.096,-0.09,-0.81,0,0.04,-0.02,
69592cf6cef1c28f9ae46edd,2026-01-03T14:51:34.356Z,1,N01,-0.095,-0.086,-0.813,0,0.04,-0.01,
69592cf7cef1c28f9ae46edf,2026-01-03T14:51:35.379Z,1,N01,-0.098,-0.088,-0.812,0,0.04,-0.01,
69592cf8cef1c28f9ae46ee1,2026-01-03T14:51:36.407Z,1,N02,-0.093,-0.085,-0.812,0,0.04,-0.01,
69592cf9cef1c28f9ae46ee3,2026-01-03T14:51:37.551Z,1,N01,-0.1,-0.084,-0.804,-0.01,0.04,-0.01,
69592cfacef1c28f9ae46ee5,2026-01-03T14:51:38.364Z,1,N03,-0.097,-0.084,-0.809,0,0.05,-0.01,
69592cfbcef1c28f9ae46ee7,2026-01-03T14:51:39.375Z,1,N02,-0.098,-0.084,-0.803,-0.01,0.04,-0.01,
69592cfccef1c28f9ae46ee9,2026-01-03T14:51:40.404Z,1,N02,-0.098,-0.084,-0.805,0,0.04,-0.01,
69592cfdcef1c28f9ae46eeb,2026-01-03T14:51:41.423Z,1,N01,-0.095,-0.088,-0.811,0,0.04,-0.01,
69592cfecef1c28f9ae46eed,2026-01-03T14:51:42.446Z,1,N02,-0.091,-0.085,-0.803,0,0.04,-0.01,
69592cffcef1c28f9ae46eef,2026-01-03T14:51:43.368Z,1,N02,-0.096,-0.087,-0.809,0,0.04,-0.01,
69592d00cef1c28f9ae46ef1,2026-01-03T14:51:44.400Z,1,N01,-0.098,-0.087,-0.807,0,0.04,-0.01,
69592d01cef1c28f9ae46ef3,2026-01-03T14:51:45.540Z,1,N03,-0.094,-0.088,-0.805,0,0.04,-0.01,
69592d02cef1c28f9ae46ef5,2026-01-03T14:51:46.441Z,1,N02,-0.095,-0.085,-0.807,0,0.05,-0.01,
69592d03cef1c28f9ae46ef7,2026-01-03T14:51:47.381Z,1,N03,-0.095,-0.088,-0.803,-0.01,0.04,-0.01,
69592d04cef1c28f9ae46ef9,2026-01-03T14:51:48.383Z,1,N02,-0.097,-0.086,-0.809,-0.01,0.04,-0.01,
69592d05cef1c28f9ae46efb,2026-01-03T14:51:49.409Z,1,N01,-0.095,-0.089,-0.804,0,0.04,-0.01,
69592d06cef1c28f9ae46efd,2026-01-03T14:51:50.432Z,1,N01,-0.096,-0.084,-0.805,-0.01,0.04,-0.01,
69592d07cef1c28f9ae46eff,2026-01-03T14:51:51.354Z,1,N01,-0.098,-0.087,-0.81,-0.01,0.04,-0.01,
69592d08cef1c28f9ae46f01,2026-01-03T14:51:52.378Z,1,N02,-0.095,-0.088,-0.802,0,0.04,-0.01,
69592d09cef1c28f9ae46f03,2026-01-03T14:51:53.402Z,1,N03,-0.099,-0.086,-0.813,-0.01,0.04,-0.01,
69592d0acef1c28f9ae46f05,2026-01-03T14:51:54.426Z,1,N03,-0.093,-0.083,-0.81,0,0.04,-0.02,
69592d0bcef1c28f9ae46f07,2026-01-03T14:51:55.366Z,1,N03,-0.098,-0.088,-0.809,0,0.04,-0.01,
69592d0ccef1c28f9ae46f09,2026-01-03T14:51:56.463Z,1,N03,-0.097,-0.088,-0.811,-0.01,0.04,-0.01,
69592d0dcef1c28f9ae46f0b,2026-01-03T14:51:57.396Z,1,N03,-0.098,-0.088,-0.808,0,0.04,-0.01,
69592d0ecef1c28f9ae46f0d,2026-01-03T14:51:58.440Z,1,N01,-0.101,-0.085,-0.809,-0.01,0.04,-0.01,
69592d0fcef1c28f9ae46f0f,2026-01-03T14:51:59.443Z,1,N03,-0.095,-0.085,-0.811,-0.01,0.04,-0.01,
69592d10cef1c28f9ae46f11,2026-01-03T14:52:00.367Z,1,N01,-0.092,-0.088,-0.809,0.01,0.05,-0.01,
69592d11cef1c28f9ae46f13,2026-01-03T14:52:01.401Z,1,N01,-0.09,-0.089,-0.805,-0.01,0.04,-0.01,
69592d12cef1c28f9ae46f15,2026-01-03T14:52:02.413Z,1,N03,-0.093,-0.09,-0.81,0,0.05,-0.01,
69592d13cef1c28f9ae46f17,2026-01-03T14:52:03.437Z,1,N01,-0.091,-0.093,-0.795,-0.01,0.04,-0.01,
69592d14cef1c28f9ae46f19,2026-01-03T14:52:04.370Z,1,N02,-0.096,-0.089,-0.801,-0.01,0.04,-0.01,
69592d15cef1c28f9ae46f1b,2026-01-03T14:52:05.388Z,1,N03,-0.094,-0.093,-0.809,0,0.04,-0.01,
69592d16cef1c28f9ae46f1d,2026-01-03T14:52:06.418Z,1,N01,-0.094,-0.095,-0.813,0,0.04,-0.01,
69592d17cef1c28f9ae46f1f,2026-01-03T14:52:07.430Z,1,N01,-0.094,-0.086,-0.81,0,0.04,-0.01,
69592d18cef1c28f9ae46f21,2026-01-03T14:52:08.354Z,1,N01,-0.098,-0.093,-0.807,0,0.04,-0.01,
69592d19cef1c28f9ae46f23,2026-01-03T14:52:09.376Z,1,N03,-0.095,-0.091,-0.803,-0.01,0.04,-0.01,
69592d1acef1c28f9ae46f25,2026-01-03T14:52:10.401Z,1,N02,-0.094,-0.091,-0.81,0.01,0.05,-0.01,
69592d1bcef1c28f9ae46f27,2026-01-03T14:52:11.425Z,1,N02,-0.095,-0.088,-0.808,0,0.05,-0.01,
69592d1ccef1c28f9ae46f29,2026-01-03T14:52:12.449Z,1,N02,-0.095,-0.087,-0.807,0,0.04,-0.01,
69592d1dcef1c28f9ae46f2b,2026-01-03T14:52:13.372Z,1,N01,-0.097,-0.086,-0.808,0,0.04,-0.01,
69592d1ecef1c28f9ae46f2d,2026-01-03T14:52:14.394Z,1,N01,-0.093,-0.089,-0.805,0,0.04,-0.01,
69592d1fcef1c28f9ae46f2f,2026-01-03T14:52:15.418Z,1,N01,-0.095,-0.09,-0.809,0,0.04,-0.01,
69592d20cef1c28f9ae46f31,2026-01-03T14:52:16.445Z,1,N01,-0.094,-0.088,-0.807,0,0.04,-0.01,
69592d21cef1c28f9ae46f33,2026-01-03T14:52:17.365Z,1,N03,-0.096,-0.089,-0.808,0,0.04,-0.02,
69592d22cef1c28f9ae46f35,2026-01-03T14:52:18.392Z,1,N03,-0.093,-0.09,-0.803,0,0.04,-0.01,
69592d23cef1c28f9ae46f37,2026-01-03T14:52:19.412Z,1,N03,-0.093,-0.086,-0.808,-0.01,0.05,-0.01,
69592d24cef1c28f9ae46f39,2026-01-03T14:52:20.437Z,1,N03,-0.094,-0.087,-0.809,0,0.04,-0.01,
69592d25cef1c28f9ae46f3b,2026-01-03T14:52:21.357Z,1,N01,-0.095,-0.088,-0.809,0,0.04,-0.01,
69592d26cef1c28f9ae46f3d,2026-01-03T14:52:22.382Z,1,N02,-0.094,-0.09,-0.805,0,0.04,-0.01,
69592d27cef1c28f9ae46f3f,2026-01-03T14:52:23.406Z,1,N02,-0.093,-0.087,-0.802,0,0.04,-0.01,
69592d28cef1c28f9ae46f41,2026-01-03T14:52:24.430Z,1,N03,-0.095,-0.086,-0.809,-0.01,0.04,-0.01,
69592d29cef1c28f9ae46f43,2026-01-03T14:52:25.355Z,1,N01,-0.094,-0.09,-0.802,-0.01,0.04,-0.01,
69592d2acef1c28f9ae46f45,2026-01-03T14:52:26.375Z,1,N01,-0.099,-0.088,-0.803,0,0.04,-0.02,
69592d2bcef1c28f9ae46f47,2026-01-03T14:52:27.401Z,1,N02,-0.094,-0.093,-0.805,0,0.04,-0.01,
69592d2ccef1c28f9ae46f49,2026-01-03T14:52:28.424Z,1,N01,-0.096,-0.091,-0.801,-0.01,0.04,-0.01,
69592d2dcef1c28f9ae46f4b,2026-01-03T14:52:29.446Z,1,N01,-0.095,-0.091,-0.81,-0.01,0.04,-0.01,
69592d2ecef1c28f9ae46f4d,2026-01-03T14:52:30.870Z,1,N03,-0.094,-0.091,-0.806,0,0.04,-0.01,
69592d2fcef1c28f9ae46f4f,2026-01-03T14:52:31.485Z,1,N01,-0.096,-0.089,-0.809,-0.01,0.04,-0.01,
69592d30cef1c28f9ae46f51,2026-01-03T14:52:32.421Z,1,N01,-0.091,-0.089,-0.81,0.05,0.09,-0.02,
69592d31cef1c28f9ae46f53,2026-01-03T14:52:33.443Z,1,N03,-0.094,-0.09,-0.806,0,0.04,-0.01,
69592d32cef1c28f9ae46f55,2026-01-03T14:52:34.364Z,1,N03,-0.096,-0.087,-0.805,0,0.04,-0.01,
69592d33cef1c28f9ae46f57,2026-01-03T14:52:35.396Z,1,N02,-0.095,-0.085,-0.802,-0.03,0.02,-0.01,
69592d34cef1c28f9ae46f59,2026-01-03T14:52:36.411Z,1,N01,-0.099,-0.086,-0.808,0.03,0.07,-0.02,
69592d35cef1c28f9ae46f5b,2026-01-03T14:52:37.437Z,1,N01,-0.093,-0.087,-0.806,0,0.05,-0.02,
69592d36cef1c28f9ae46f5d,2026-01-03T14:52:38.891Z,1,N03,-0.092,-0.093,-0.806,-0.01,0.05,-0.01,
69592d37cef1c28f9ae46f5f,2026-01-03T14:52:39.474Z,1,N01,-0.095,-0.09,-0.812,-0.01,0.04,-0.01,
69592d38cef1c28f9ae46f61,2026-01-03T14:52:40.410Z,1,N03,-0.087,-0.093,-0.808,-0.01,0.04,-0.02,
69592d39cef1c28f9ae46f63,2026-01-03T14:52:41.428Z,1,N01,-0.093,-0.087,-0.811,0.02,0.06,-0.01,
69592d3acef1c28f9ae46f65,2026-01-03T14:52:42.360Z,1,N01,-0.094,-0.091,-0.806,0,0.05,-0.01,
69592d3bcef1c28f9ae46f67,2026-01-03T14:52:43.375Z,1,N03,-0.442,-0.183,-0.733,0.09,0.09,0.31,
69592d3ccef1c28f9ae46f69,2026-01-03T14:52:44.414Z,1,N01,0.046,-0.027,-0.827,-0.04,0.01,0.05,
69592d3ecef1c28f9ae46f6b,2026-01-03T14:52:46.446Z,1,N03,-0.072,-0.085,-0.787,-0.05,0.01,-0.01,
69592d3fcef1c28f9ae46f6d,2026-01-03T14:52:47.368Z,1,N01,-0.378,-0.13,-0.778,0,0.06,-0.18,
69592d40cef1c28f9ae46f6f,2026-01-03T14:52:48.392Z,1,N02,0.275,-0.004,-0.867,-0.31,0.28,-0.52,
69592d41cef1c28f9ae46f71,2026-01-03T14:52:49.416Z,1,N02,0.093,-0.078,-0.933,0.63,-0.53,0.43,
69592d42cef1c28f9ae46f73,2026-01-03T14:52:50.440Z,1,N03,0.161,0.1,-0.746,-0.69,0.46,-1,
69592d43cef1c28f9ae46f75,2026-01-03T14:52:51.362Z,1,N01,0.227,-0.02,-1.054,0.21,-0.1,0.38,
69592d44cef1c28f9ae46f77,2026-01-03T14:52:52.385Z,1,N01,-0.407,-0.193,-0.723,0.01,-0.18,0.1,
69592d45cef1c28f9ae46f79,2026-01-03T14:52:53.409Z,1,N03,-0.332,-0.14,-0.612,-0.17,-0.18,-0.44,
69592d46cef1c28f9ae46f7b,2026-01-03T14:52:54.455Z,1,N03,-0.399,-0.151,-0.653,-0.04,-0.11,-0.27,
69592d47cef1c28f9ae46f7d,2026-01-03T14:52:55.357Z,1,N01,0.036,-0.045,-0.881,-0.71,0.56,-0.95,
69592d48cef1c28f9ae46f7f,2026-01-03T14:52:56.379Z,1,N01,-0.069,-0.099,-0.758,0.44,-0.1,0.62,
69592d49cef1c28f9ae46f81,2026-01-03T14:52:57.404Z,1,N02,-0.019,-0.073,-0.802,0.07,0.4,0.08,
69592d4acef1c28f9ae46f83,2026-01-03T14:52:58.426Z,1,N03,-0.073,-0.13,-0.809,-0.01,-0.07,0.08,
69592d51cef1c28f9ae46f85,2026-01-03T14:53:05.576Z,1,N02,-0.15,-0.071,-0.766,-0.35,-0.06,0.03,
69592d52cef1c28f9ae46f87,2026-01-03T14:53:06.414Z,1,N02,-0.048,-0.072,-0.808,-0.01,0.03,-0.18,
69592d53cef1c28f9ae46f89,2026-01-03T14:53:07.610Z,1,N01,-0.082,-0.089,-0.806,0.01,0.05,-0.02,
69592d54cef1c28f9ae46f8b,2026-01-03T14:53:08.429Z,1,N03,-0.084,-0.091,-0.809,0,0.04,-0.01,
69592d55cef1c28f9ae46f8d,2026-01-03T14:53:09.476Z,1,N02,-0.082,-0.091,-0.812,0.01,0.05,-0.02,
69592d56cef1c28f9ae46f8f,2026-01-03T14:53:10.477Z,1,N03,-0.077,-0.097,-0.816,-0.01,0.04,-0.01,
69592d57cef1c28f9ae46f91,2026-01-03T14:53:11.523Z,1,N01,-0.073,-0.096,-0.808,-0.01,0.04,-0.01,
69592d58cef1c28f9ae46f93,2026-01-03T14:53:12.458Z,1,N02,-0.074,-0.095,-0.804,-0.01,0.04,-0.01,
69592d59cef1c28f9ae46f95,2026-01-03T14:53:13.380Z,1,N03,-0.076,-0.098,-0.806,-0.01,0.04,-0.01,
69592d5acef1c28f9ae46f97,2026-01-03T14:53:14.401Z,1,N03,-0.075,-0.1,-0.808,-0.01,0.04,-0.01,
69592d5bcef1c28f9ae46f99,2026-01-03T14:53:15.426Z,1,N02,-0.081,-0.093,-0.809,0,0.04,-0.01,
69592d5ccef1c28f9ae46f9b,2026-01-03T14:53:16.347Z,1,N01,-0.071,-0.096,-0.807,-0.01,0.04,-0.02,
69592d5dcef1c28f9ae46f9d,2026-01-03T14:53:17.371Z,1,N01,-0.073,-0.096,-0.809,0,0.04,-0.01,
69592d5ecef1c28f9ae46f9f,2026-01-03T14:53:18.400Z,1,N03,-0.076,-0.102,-0.811,0,0.04,-0.01,
69592d5fcef1c28f9ae46fa1,2026-01-03T14:53:19.435Z,1,N02,-0.068,-0.093,-0.812,-0.01,0.04,-0.01,
69592d60cef1c28f9ae46fa3,2026-01-03T14:53:20.464Z,1,N03,-0.073,-0.097,-0.815,0,0.04,-0.01,
69592d61cef1c28f9ae46fa5,2026-01-03T14:53:21.366Z,1,N03,-0.073,-0.098,-0.803,0,0.05,-0.01,
69592d62cef1c28f9ae46fa7,2026-01-03T14:53:22.389Z,1,N02,-0.069,-0.096,-0.809,0,0.04,-0.01,
69592d63cef1c28f9ae46fa9,2026-01-03T14:53:23.426Z,1,N01,-0.069,-0.097,-0.813,0,0.04,-0.01,
69592d64cef1c28f9ae46fab,2026-01-03T14:53:24.438Z,1,N03,-0.08,-0.093,-0.803,-0.01,0.04,-0.02,
69592d65cef1c28f9ae46fad,2026-01-03T14:53:25.358Z,1,N03,-0.064,-0.1,-0.808,-0.02,0.03,-0.01,
69592d66cef1c28f9ae46faf,2026-01-03T14:53:26.382Z,1,N01,-0.046,-0.044,-0.819,-0.03,0.09,-0.01,
69592d67cef1c28f9ae46fb1,2026-01-03T14:53:27.408Z,1,N01,-0.011,-0.085,-0.869,-0.07,-0.02,-0.05,
69592d68cef1c28f9ae46fb3,2026-01-03T14:53:28.440Z,1,N01,-0.066,-0.094,-0.814,0.01,0.06,-0.01,
69592d69cef1c28f9ae46fb5,2026-01-03T14:53:29.361Z,1,N02,-0.065,-0.094,-0.816,-0.04,0.01,-0.01,
69592d6acef1c28f9ae46fb7,2026-01-03T14:53:30.380Z,1,N02,-0.072,-0.102,-0.796,0,0.05,-0.01,
69592d6bcef1c28f9ae46fb9,2026-01-03T14:53:31.403Z,1,N02,-0.063,-0.095,-0.784,0.05,0.09,-0.02,
69592d6ccef1c28f9ae46fbb,2026-01-03T14:53:32.424Z,1,N01,-0.065,-0.096,-0.814,-0.01,0.03,-0.01,
69592d6dcef1c28f9ae46fbd,2026-01-03T14:53:33.345Z,1,N03,-0.066,-0.097,-0.814,-0.01,0.03,-0.01,
69592d6ecef1c28f9ae46fbf,2026-01-03T14:53:34.370Z,1,N01,-0.069,-0.097,-0.808,0,0.04,-0.01,
69592d6fcef1c28f9ae46fc1,2026-01-03T14:53:35.393Z,1,N03,-0.065,-0.097,-0.807,0,0.04,-0.02,
69592d70cef1c28f9ae46fc3,2026-01-03T14:53:36.419Z,1,N03,-0.063,-0.097,-0.806,0,0.04,-0.01,
69592d71cef1c28f9ae46fc5,2026-01-03T14:53:37.450Z,1,N01,-0.067,-0.098,-0.816,0,0.04,-0.01,
69592d72cef1c28f9ae46fc7,2026-01-03T14:53:38.367Z,1,N03,-0.069,-0.092,-0.813,-0.01,0.04,-0.01,
69592d73cef1c28f9ae46fc9,2026-01-03T14:53:39.388Z,1,N03,-0.071,-0.097,-0.809,-0.01,0.04,-0.01,
69592d74cef1c28f9ae46fcb,2026-01-03T14:53:40.410Z,1,N03,-0.073,-0.09,-0.808,-0.01,0.04,-0.01,
69592d75cef1c28f9ae46fcd,2026-01-03T14:53:41.436Z,1,N03,-0.066,-0.094,-0.809,0,0.04,-0.01,
69592d76cef1c28f9ae46fcf,2026-01-03T14:53:42.357Z,1,N02,-0.069,-0.092,-0.815,0,0.05,-0.01,
69592d77cef1c28f9ae46fd1,2026-01-03T14:53:43.384Z,1,N03,-0.068,-0.095,-0.804,-0.02,0.03,-0.02,
69592d78cef1c28f9ae46fd3,2026-01-03T14:53:44.405Z,1,N01,-0.072,-0.092,-0.806,-0.01,0.04,-0.01,
69592d79cef1c28f9ae46fd5,2026-01-03T14:53:45.430Z,1,N02,-0.072,-0.093,-0.81,0,0.05,-0.01,
69592d7acef1c28f9ae46fd7,2026-01-03T14:53:46.350Z,1,N03,-0.068,-0.092,-0.81,0,0.04,-0.01,
69592d7bcef1c28f9ae46fd9,2026-01-03T14:53:47.374Z,1,N02,-0.069,-0.092,-0.804,-0.01,0.04,-0.01,
69592d7ccef1c28f9ae46fdb,2026-01-03T14:53:48.585Z,1,N02,-0.068,-0.092,-0.802,0,0.04,-0.01,
69592d7dcef1c28f9ae46fdd,2026-01-03T14:53:49.421Z,1,N03,-0.074,-0.09,-0.809,-0.01,0.04,-0.01,
69592d7ecef1c28f9ae46fdf,2026-01-03T14:53:50.246Z,1,N01,-0.068,-0.089,-0.81,0,0.04,-0.01,
69592d7fcef1c28f9ae46fe1,2026-01-03T14:53:51.438Z,1,N03,-0.073,-0.088,-0.806,0,0.04,-0.01,
69592d80cef1c28f9ae46fe3,2026-01-03T14:53:52.484Z,1,N02,-0.074,-0.091,-0.809,0,0.04,-0.01,
69592d81cef1c28f9ae46fe5,2026-01-03T14:53:53.486Z,1,N03,-0.069,-0.087,-0.803,-0.01,0.04,-0.01,
69592d82cef1c28f9ae46fe7,2026-01-03T14:53:54.532Z,1,N03,-0.069,-0.092,-0.811,-0.01,0.04,-0.01,
69592d83cef1c28f9ae46fe9,2026-01-03T14:53:55.463Z,1,N03,-0.067,-0.089,-0.807,-0.01,0.04,-0.01,
69592d84cef1c28f9ae46feb,2026-01-03T14:53:56.386Z,1,N03,-0.068,-0.085,-0.811,-0.01,0.04,-0.02,
69592d85cef1c28f9ae46fed,2026-01-03T14:53:57.410Z,1,N03,-0.072,-0.088,-0.81,0,0.04,-0.02,
69592d86cef1c28f9ae46fef,2026-01-03T14:53:58.433Z,1,N03,-0.071,-0.092,-0.802,-0.01,0.04,-0.01,
69592d87cef1c28f9ae46ff1,2026-01-03T14:53:59.357Z,1,N01,-0.073,-0.091,-0.809,-0.01,0.04,-0.01,
69592d88cef1c28f9ae46ff3,2026-01-03T14:54:00.379Z,1,N01,-0.067,-0.095,-0.806,0,0.04,-0.01,
69592d89cef1c28f9ae46ff5,2026-01-03T14:54:01.405Z,1,N01,-0.072,-0.087,-0.827,-0.02,0.03,-0.01,
69592d8acef1c28f9ae46ff7,2026-01-03T14:54:02.433Z,1,N02,-0.072,-0.09,-0.817,-0.01,0.03,-0.01,
69592d8bcef1c28f9ae46ff9,2026-01-03T14:54:03.349Z,1,N03,-0.071,-0.093,-0.82,-0.01,0.04,-0.01,
69592d8ccef1c28f9ae46ffb,2026-01-03T14:54:04.378Z,1,N02,-0.072,-0.086,-0.829,0,0.04,-0.01,
69592d8dcef1c28f9ae46ffd,2026-01-03T14:54:05.399Z,1,N02,-0.065,-0.095,-0.802,-0.01,0.03,0,
69592d8ecef1c28f9ae46fff,2026-01-03T14:54:06.424Z,1,N02,-0.067,-0.092,-0.809,0,0.05,-0.01,
69592d8fcef1c28f9ae47001,2026-01-03T14:54:07.447Z,1,N02,-0.065,-0.096,-0.799,0,0.05,-0.02,
69592d90cef1c28f9ae47003,2026-01-03T14:54:08.367Z,1,N02,-0.068,-0.097,-0.811,0,0.05,-0.01,
69592d91cef1c28f9ae47005,2026-01-03T14:54:09.394Z,1,N01,-0.068,-0.096,-0.808,0,0.04,-0.01,
69592d92cef1c28f9ae47007,2026-01-03T14:54:10.813Z,1,N01,-0.066,-0.096,-0.808,0,0.04,-0.01,
69592d93cef1c28f9ae47009,2026-01-03T14:54:11.449Z,1,N03,-0.068,-0.094,-0.808,0,0.04,-0.01,
69592d94cef1c28f9ae4700b,2026-01-03T14:54:12.471Z,1,N03,-0.068,-0.096,-0.804,0,0.04,-0.01,
69592d95cef1c28f9ae4700d,2026-01-03T14:54:13.388Z,1,N02,-0.066,-0.1,-0.809,0,0.05,-0.01,
69592d96cef1c28f9ae4700f,2026-01-03T14:54:14.421Z,1,N01,-0.064,-0.094,-0.812,0,0.04,-0.01,
